Rank 26,Company,Location,Turnover £m,Pre-tax Profit £m,Year End
1,SSE PLC,Perth,"  10,131.9","  1,850.9",Mar 25
2,SCOTTISH POWER UK PLC,Glasgow,"  6,583.0","  1,718.0",Dec 24
3,HARBOUR ENERGY PLC,Edinburgh,"  4,912.3",  972.4,Dec 24
4,AVIVA INSURANCE LIMITED,Perth,"  7,775.0",  480.0,Dec 24
5,BANK OF SCOTLAND PLC,Edinburgh,"  5,659.0","  1,047.0",Dec 24
6,DIAGEO SCOTLAND LIMITED,Edinburgh,"  2,229.0",  689.0,Jun 25
7,INSPIRE CATERING SCOTLAND LLP,Westhill,"  8,696.0",  232.9,Dec 23
8,WEIR GROUP PLC(THE),Glasgow,"  2,505.6",  347.1,Dec 24
9,FIRSTGROUP PLC,Aberdeen,"  5,066.3",  164.9,Mar 25
10,SCOTTISH WIDOWS GROUP LIMITED,Edinburgh,"  1,126.0","  1,008.9",Dec 24
11,ARNOLD CLARK AUTOMOBILES LIMITED,Glasgow,"  5,152.3",  120.7,Dec 24
12,ABERDEEN GROUP PLC,Edinburgh,"  1,305.0",  251.0,Dec 24
13,CHIVAS BROTHERS INTERNATIONAL LIMITED,Dumbarton,"  1,205.0",  259.4,Jun 24
14,THE EDRINGTON GROUP LIMITED,Glasgow,"  1,068.7",  257.7,Mar 25
15,NEO NEXT ENERGY LIMITED,Aberdeen,"  1,578.6",  127.6,Dec 24
16,GE CALEDONIAN LIMITED,Prestwick,  951.5,  310.1,Dec 24
17,STAGECOACH GROUP LIMITED,Perth,"  1,763.7",  93.5,May 25
18,THE 1887 COMPANY LIMITED,Glasgow,  895.6,  230.1,Mar 25
19,THE ROYAL BANK OF SCOTLAND PUBLIC LIMITED COMPANY,Edinburgh,"  1,065.0","  1,389.0",Dec 24
20,MILLER HOMES LIMITED,Edinburgh,"  1,054.1",  149.7,Dec 24
21,CIRRUS LOGIC INTERNATIONAL (UK) LTD,Edinburgh,"  1,458.7",  89.0,Mar 25
22,WESTON IMPORTERS LTD.,Edinburgh,"  1,724.6",  83.9,Dec 24
23,GXO LOGISTICS UK LIMITED,Edinburgh,"  2,045.4",  45.2,Dec 24
24,HEINEKEN UK LIMITED,Edinburgh,"  1,497.0",  48.0,Dec 24
25,ARTHUR J. GALLAGHER INSURANCE BROKERS LIMITED,Glasgow,  483.6,  159.5,Dec 24
26,PILKINGTON TECHNOLOGY MANAGEMENT LIMITED,Oban,  520.2,  109.8,Mar 25
27,BEATRICE OFFSHORE WINDFARM LIMITED,Perth,  417.0,  177.5,Mar 25
28,WHEATLEY HOUSING GROUP LIMITED,Glasgow,  516.8,  87.7,Mar 25
29,MOWI SCOTLAND LIMITED,Dunfermline,  658.3,  48.2,Dec 24
30,BAILLIE GIFFORD OVERSEAS LIMITED,Edinburgh,  480.8,  49.7,Mar 25
31,A.G. BARR P.L.C.,Glasgow,  420.4,  53.2,Jan 25
32,WALTER SCOTT & PARTNERS LIMITED,Edinburgh,  314.0,  194.7,Dec 24
33,FARMFOODS LIMITED,Glasgow,"  1,044.4",  30.5,Dec 24
34,FORTH PORTS LIMITED,Edinburgh,  334.6,  107.8,Dec 24
35,EDINBURGH AIRPORT LIMITED,Edinburgh,  314.7,  144.4,Dec 24
36,WILLIAM GRANT & SONS DISTILLERS LIMITED,Keith,  522.1,  34.2,Dec 24
37,JAMES JONES & SONS LIMITED,Larbert,  529.9,  32.8,Dec 24
38,ROBERTSON GROUP LIMITED,Elgin,  769.7,  30.5,Jun 25
39,WHYTE AND MACKAY GROUP LIMITED,Glasgow,  349.2,  61.8,Dec 24
40,VPI POWER LIMITED,Edinburgh,"  1,028.0",  23.0,Dec 24
41,GAP HOLDINGS LIMITED,Glasgow,  326.7,  40.2,Mar 25
42,N-ABLE TECHNOLOGIES LTD,Edinburgh,  371.4,  32.2,Dec 24
43,JOHN CLARK (HOLDINGS) LIMITED,Aberdeen,"  1,065.4",  19.0,Dec 24
44,CASTLE VIEW CORPORATE HOLDINGS LIMITED,Stirling,  393.8,  28.8,Mar 25
45,ETHOS ENERGY GROUP LIMITED,Aberdeen,  713.8,  18.1,Dec 24
46,OGILVIE GROUP LIMITED,Stirling,  460.9,  20.9,Jun 24
47,PARK'S OF HAMILTON (TOWNHEAD GARAGE) LIMITED,Hamilton,  862.4,  17.3,Mar 25
48,J.R. DALZIEL LIMITED,Bellshill,  279.4,  32.6,Sep 24
49,ORACLE GLOBAL SERVICES LIMITED,Linlithgow,  388.1,  21.8,May 24
50,SCOTLAND GAS NETWORKS PLC,Newbridge,  386.0,  21.0,Mar 25
51,ADVANCE CONSTRUCTION GROUP LIMITED,Bellshill,  312.5,  27.2,Mar 25
52,ROSS-SHIRE ENGINEERING LIMITED,Muir Of Ord,  307.0,  27.8,Mar 25
53,SCOTTISH WATER BUSINESS STREAM LIMITED,Edinburgh,  707.5,  16.8,Mar 25
54,AGGREKO UK LIMITED,Dumbarton,  188.9,  143.3,Dec 23
55,ENVOY CAPITAL MANAGEMENT LIMITED,Aberdeen,  189.4,  118.8,Mar 24
56,SCHUH LIMITED,Livingston,  380.8,  21.0,Feb 24
57,ITHACA ENERGY (UK) LIMITED,Aberdeen,  151.0,  891.2,Dec 24
58,PERENCO ENERGIES INTERNATIONAL LIMITED,Edinburgh,  217.6,  49.9,Dec 24
59,ENOVATE SYSTEMS LIMITED,Aberdeen,  238.7,  37.9,Dec 24
60,ADOBE SYSTEMS EUROPE LIMITED,Edinburgh,  311.9,  24.2,Nov 24
61,CALA GROUP LIMITED,Edinburgh,"  1,235.8",  13.4,Dec 24
62,HARPERCOLLINS PUBLISHERS LIMITED,Glasgow,  271.0,  28.8,Jun 24
63,LAST MILE INFRASTRUCTURE LIMITED,Glasgow,  191.9,  66.5,Mar 25
64,RWG (REPAIR & OVERHAULS) LIMITED,Aberdeen,  236.6,  32.7,Dec 24
65,EASTERN HOLDINGS LIMITED,Broxburn,  920.8,  13.3,Dec 24
66,BIORELIANCE LTD.,Aberdeen,  173.3,  52.9,Dec 24
67,DINGBRO LIMITED,Aberdeen,  239.5,  25.5,Sep 24
68,GRAY & ADAMS HOLDINGS LIMITED,Fraserburgh,  245.6,  25.7,May 25
69,GLASGOW AIRPORT LIMITED,Paisley,  144.6,  99.4,Dec 24
70,BALMORAL GROUP HOLDINGS LIMITED,Aberdeen,  202.4,  32.1,Mar 25
71,SPRINGFIELD PROPERTIES PLC,Elgin,  280.6,  19.0,May 25
72,MACFARLANE GROUP PLC,Glasgow,  270.4,  20.9,Dec 24
73,ASCO UK LIMITED,Aberdeen,  342.6,  16.1,Dec 24
74,ALBERT BARTLETT & SONS (AIRDRIE) LIMITED,Airdrie,  338.2,  16.0,May 25
75,SERICA ENERGY CHINOOK LIMITED,Aberdeen,  195.8,  30.4,Dec 24
76,CCG (SCOTLAND) LIMITED,Glasgow,  213.7,  25.7,Mar 25
77,THE MALCOLM GROUP LIMITED,Paisley,  247.6,  21.1,Jan 25
78,JPMORGAN FUNDS LIMITED,Edinburgh,  215.6,  25.1,Dec 24
79,HILTON WORLDWIDE LIMITED,Glasgow,  231.1,  22.0,Dec 24
80,D.C. THOMSON & COMPANY LIMITED,Dundee,  184.0,  31.0,Mar 25
81,R.J. MCLEOD (CONTRACTORS) LIMITED,Glasgow,  192.2,  26.8,Oct 23
82,THE ALBEX GROUP LIMITED,Paisley,  397.3,  12.6,Dec 24
83,HELIX WELL OPS (U.K.) LIMITED,Aberdeen,  166.8,  31.2,Dec 24
84,CELTIC PLC,Glasgow,  143.6,  45.7,Jun 25
85,ALLIED VEHICLES LIMITED,Glasgow,  267.9,  17.4,Apr 24
86,BROWNS FOOD GROUP LIMITED,Sanquhar,  251.7,  17.6,Dec 24
87,BFG (HOLDINGS) LIMITED,Sanquhar,  251.7,  17.6,Dec 24
88,VESTAS-CELTIC WIND TECHNOLOGY LTD.,Edinburgh,  339.7,  12.7,Dec 24
89,KEYLINE CIVILS SPECIALIST LIMITED,Glasgow,  489.0,  10.6,Dec 24
90,ROBERT BOSCH LIMITED,Glenrothes,  494.4,  10.1,Dec 24
91,VASCUTEK LIMITED,Renfrew,  159.1,  27.7,Mar 25
92,BRODIES LLP,Edinburgh,  126.7,  51.4,Apr 25
93,TARGET HEALTHCARE GROUP HOLDINGS LIMITED,Glasgow,  249.3,  7.9,Dec 24
94,JOHN DEERE LIMITED,Edinburgh,  273.1,  13.9,Oct 24
95,SHIN-ETSU HANDOTAI EUROPE LIMITED,Livingston,  284.3,  13.4,Dec 24
96,EMTELLE UK LIMITED,Hawick,  134.8,  33.8,Dec 24
97,WALKER'S SHORTBREAD LTD,Aberlour,  201.0,  18.1,Dec 24
98,ROHR AERO SERVICES LIMITED,Prestwick,  139.5,  30.7,Dec 24
99,2 AGRICULTURE LIMITED,Newbridge,  450.0,  9.7,Dec 24
100,CHARLES RIVER LABORATORIES EDINBURGH LIMITED,Tranent,  135.4,  29.1,Dec 24
101,COOKE AQUACULTURE UK HOLDINGS LIMITED,Glasgow,  233.1,  15.4,Dec 24
102,KENT FOODS LIMITED,Paisley,  336.3,  10.7,Dec 24
103,OPTOS PUBLIC LIMITED COMPANY,Dunfermline,  134.9,  27.8,Mar 25
104,LUNAR FISHING COMPANY LIMITED,Peterhead,  116.0,  36.9,Dec 24
105,DOF SUBSEA UK LIMITED,Aberdeen,  165.3,  17.9,Dec 24
106,VF NORTHERN EUROPE LIMITED,Edinburgh,  321.5,  9.9,Mar 25
107,ARCHER (UK) LIMITED,Aberdeen,  157.4,  18.7,Dec 24
108,STV TELEVISION LIMITED,Glasgow,  188.3,  15.9,Dec 24
109,QTS GROUP LTD.,Strathaven,  162.5,  16.3,Sep 25
110,MCLAUGHLIN & HARVEY CONSTRUCTION LIMITED,Bellshill,  178.3,  15.2,Jun 25
111,LOGANAIR LIMITED,Paisley,  253.1,  11.0,Mar 25
112,CRANEWARE PLC,Edinburgh,  150.0,  17.5,Jun 25
113,BAM FM LIMITED,Glasgow,  122.3,  22.3,Dec 24
114,DCM (OPTICAL HOLDINGS) LIMITED,Glasgow,  111.3,  23.2,Dec 24
115,BURNESS PAULL LLP,Edinburgh,  93.5,  35.9,Mar 25
116,ETHIGEN LIMITED,Glasgow,  267.4,  8.8,Mar 24
117,ALLIANCE WITAN PLC,Dundee,  72.8,  502.6,Dec 24
118,GEORGE LESLIE LIMITED,Glasgow,  134.4,  16.1,Mar 25
119,FUGRO GB (NORTH) MARINE LIMITED,Aberdeen,  209.0,  10.3,Dec 24
120,HIGHLAND FUELS LIMITED,Aberdeen,  359.0,  7.1,Dec 24
121,JAMES HOWDEN & COMPANY LIMITED,Renfrew,  99.8,  24.4,Dec 24
122,IAN MACLEOD DISTILLERS LIMITED,Broxburn,  128.3,  15.6,Sep 24
123,BIOMAR LIMITED,Grangemouth,  183.9,  10.6,Dec 24
124,JOHNSTON FUELS LIMITED,Bathgate,  231.8,  8.4,Dec 24
125,SSF SHETLAND LIMITED,Stirling,  119.5,  15.5,Dec 24
126,VETS NOW EMERGENCY LIMITED,Dunfermline,  115.0,  16.2,Sep 24
127,SHEPHERD AND WEDDERBURN LLP,Edinburgh,  78.3,  36.1,Apr 25
128,JAMES WALKER (LEITH) LIMITED,Livingston,  116.3,  14.6,Mar 25
129,JOHNSTON CARMICHAEL LLP,Aberdeen,  75.7,  38.5,May 25
130,MCQUEENS DAIRIES LTD,Glasgow,  130.0,  12.3,Jul 25
131,KETTLE PRODUCE LIMITED,Cupar,  191.3,  9.2,Jun 24
132,DAVID MACBRAYNE LIMITED,Gourock,  328.9,  6.2,Mar 25
133,GLENRATH FARMS LTD.,West Linton,  91.0,  21.4,May 24
134,HOWCO GROUP PLC,Glasgow,  152.2,  9.8,Mar 25
135,OILFAST HOLDINGS LIMITED,Motherwell,  209.6,  7.9,Jun 25
136,SCOTSMAN HOLDINGS PLC,Glasgow,  174.7,  8.7,Mar 25
137,SINOMINE SPECIALTY FLUIDS LIMITED,Aberdeen,  70.9,  49.0,Dec 24
138,CLYDEPORT OPERATIONS LIMITED,Glasgow,  72.0,  40.4,Mar 25
139,MURRAY CAPITAL HOLDINGS LIMITED,Edinburgh,  91.2,  18.1,Jun 25
140,SPECIALIST CARS (ABERDEEN) LIMITED,Aberdeen,  363.2,  5.7,Dec 24
141,FIRST SENTIER INVESTORS (UK) IM LIMITED,Edinburgh,  87.7,  18.9,Dec 24
142,FUTURE  TECHNOLOGY DEVICES INTERNATIONAL LIMITED,Glasgow,  67.3,  48.6,Dec 23
143,CALMAC FERRIES LIMITED,Gourock,  329.4,  5.7,Mar 25
144,FORSYTHS LIMITED,Aberlour,  100.7,  13.7,Oct 24
145,CAPRICORN ENERGY PLC,Edinburgh,  117.9,  11.1,Dec 24
146,PLEXUS CORP (UK) LIMITED,Kelso,  84.8,  17.8,Sep 24
147,PENTLAND MOTOR COMPANY LIMITED,Aberdeen,  277.1,  6.0,Dec 24
148,FARNE SALMON & TROUT LIMITED,Duns,  119.0,  10.0,Jun 24
149,TILLICOULTRY QUARRIES 1931 LIMITED,Alloa,  112.1,  11.0,Mar 25
150,SCORE (EUROPE) LIMITED,Peterhead,  112.2,  11.3,Jan 25
151,WRIGHT HEALTH GROUP LIMITED,Dundee,  131.7,  8.7,Dec 24
152,MEALLMORE LIMITED,Inverness,  89.1,  15.2,Mar 25
153,J.W. GALLOWAY LIMITED,Stirling,  449.5,  4.8,Feb 23
154,HIGHLAND SPRING LIMITED,Auchterarder,  148.2,  7.6,Dec 24
155,SPL POWERLINES UK LIMITED,Coatbridge,  152.0,  7.4,Dec 24
156,GATES (U.K.) LIMITED,Dumfries,  160.8,  7.2,Dec 24
157,GLEN GRANT LIMITED,Aberlour,  141.5,  7.6,Dec 24
158,BULTEN LIMITED,Edinburgh,  194.8,  6.2,Dec 24
159,GLENEAGLES HOTELS LIMITED,Auchterarder,  101.7,  10.0,Mar 25
160,PMI GLOBAL STUDIO LIMITED,Edinburgh,  141.8,  7.3,Dec 24
161,THE INSIGHTS GROUP LIMITED,Dundee,  88.9,  12.6,Mar 25
162,ASHTEAD TECHNOLOGY LIMITED,Westhill,  75.2,  17.4,Dec 24
163,CVH SPIRITS LIMITED,Glasgow,  112.8,  8.7,Jun 24
164,HYDRASUN LIMITED,Aberdeen,  102.0,  9.4,Mar 24
165,WOOD MACKENZIE LIMITED,Edinburgh,  299.2,  4.8,Dec 24
166,LOTHIAN BUSES LIMITED,Edinburgh,  197.7,  5.8,Dec 24
167,THE EDINBURGH INVESTMENT TRUST PUBLIC LIMITED COMPANY,Edinburgh,  53.7,  48.4,Mar 25
168,BROWNS MANUFACTURING LIMITED,Sanquhar,  135.6,  6.9,Dec 24
169,ASHLEIGH (SCOTLAND) LIMITED,Prestwick,  77.2,  13.3,Mar 25
170,STEWART TRAVEL LIMITED,Glasgow,  109.4,  7.5,Dec 24
171,SCOTBEEF LIMITED,Glasgow,  417.8,  4.0,Feb 23
172,KCA DEUTAG DRILLING LIMITED,Aberdeen,  115.7,  7.2,Dec 24
173,PD & MS ENERGY (ABERDEEN) LIMITED,Glasgow,  103.4,  7.6,Mar 25
174,BEAR SCOTLAND LIMITED,Perth,  199.0,  5.0,Dec 24
175,NORTHSIDE TRUCK & VAN LIMITED,Motherwell,  243.3,  4.7,Dec 24
176,J.W. FILSHILL LIMITED,Renfrew,  213.7,  4.9,Jan 25
177,LALLEMAND U.K. LIMITED,Edinburgh,  84.3,  9.7,Jan 25
178,EMTEC GROUP LIMITED,Hamilton,  93.5,  8.1,Dec 24
179,PEAK SCIENTIFIC INSTRUMENTS LIMITED,Renfrew,  64.2,  16.1,Mar 25
180,HILLHOUSE QUARRY GROUP LIMITED,Troon,  83.8,  9.3,Mar 25
181,WARMWORKS SCOTLAND LLP,Edinburgh,  106.1,  7.1,Mar 25
182,DIGBY BROWN LLP,Edinburgh,  52.8,  26.5,Mar 25
183,APEX HOTELS LIMITED,Edinburgh,  96.0,  7.4,Apr 25
184,KONGSBERG MARITIME LIMITED,Westhill,  68.2,  13.1,Dec 24
185,THE HARBRO GROUP LTD.,Turriff,  145.0,  5.2,Jun 24
186,UNITED WHOLESALE (SCOTLAND) LIMITED,Glasgow,  285.0,  4.0,Dec 24
187,VF NORTHERN EUROPE SERVICES LIMITED,Edinburgh,  271.2,  4.0,Mar 25
188,BELL GLOBAL PROPERTY SERVICES (UK) LTD,Airdrie,  218.7,  4.3,Mar 25
189,ROVOP HOLDINGS LIMITED,Westhill,  68.7,  5.4,Dec 24
190,MORRIS & SPOTTISWOOD LIMITED,Glasgow,  172.5,  4.7,Dec 24
191,TURNER & CO. (GLASGOW) LIMITED.,Glasgow,  104.4,  6.1,Mar 25
192,CALEDONIAN HERITABLE LIMITED,Edinburgh,  62.7,  12.8,Oct 24
193,MORTON FRASER MACROBERTS LLP,Edinburgh,  50.7,  19.4,Apr 25
194,MCALPINE & COMPANY. LIMITED,Glasgow,  82.3,  7.5,Dec 24
195,TENNENT CALEDONIAN BREWERIES WHOLESALE LIMITED,Glasgow,  114.5,  5.5,Feb 25
196,DF CONCERTS LIMITED,Glasgow,  76.6,  8.0,Dec 24
197,SCOTTISH FOOTBALL ASSOCIATION LIMITED (THE),Glasgow,  78.7,  7.4,Dec 24
198,THE NORTH BRITISH DISTILLERY COMPANY LIMITED,Edinburgh,  96.2,  6.0,Dec 24
199,LOTHIAN DISTILLERS LIMITED,Edinburgh,  96.2,  6.0,Dec 24
200,M2 GROUP LIMITED,Glasgow,  53.9,  14.4,Dec 24
201,WILLIAM WILSON LTD.,Aberdeen,  77.3,  7.3,Jul 24
202,HILLHOUSE ESTATES LIMITED,Troon,  102.4,  5.7,Mar 25
203,GOLDEN ACRE FOODS LIMITED,Glasgow,  127.7,  4.8,Dec 24
204,AMAZON DEVELOPMENT CENTRE (SCOTLAND) LIMITED,Edinburgh,  70.4,  8.3,Dec 24
205,SINGLE BUOY MOORINGS (UK) LIMITED,Edinburgh,  56.0,  12.2,Dec 23
206,LIGHTBODY OF HAMILTON LIMITED,Hamilton,  104.2,  5.4,Jun 24
207,WORLDMARK UK LIMITED,Glasgow,  64.9,  9.2,Dec 24
208,DONALDSON TIMBER ENGINEERING LIMITED,Glenrothes,  83.6,  6.4,Sep 24
209,STIMWELL SERVICES LIMITED,Aberdeen,  54.9,  12.4,Dec 24
210,MACLEAN INTERNATIONAL GROUP LIMITED,Aberdeen,  100.4,  5.3,Dec 24
211,CP (ELECTRIC) LIMITED,Kilmarnock,  63.5,  8.9,Dec 24
212,KARL STORZ ENDOSCOPY (UK) LIMITED,Dundee,  89.9,  5.8,Dec 24
213,SCOT J C B LIMITED,Glasgow,  210.4,  3.6,Dec 24
214,LUDDON CONSTRUCTION LIMITED,Glasgow,  157.0,  4.1,Aug 24
215,CHEMRING ENERGETICS UK LIMITED,Stevenston,  53.4,  11.9,Oct 24
216,IMPORTO LIMITED,Sanquhar,  81.5,  6.1,Dec 24
217,VWS WESTGARTH LIMITED,Glasgow,  62.0,  8.7,Dec 24
218,KLONDYKE FISHING COMPANY LIMITED,Fraserburgh,  41.8,  26.5,Jun 24
219,MACPHIE LIMITED,Stonehaven,  82.1,  6.0,Mar 25
220,BALHOUSIE HOLDINGS LIMITED,Perth,  57.2,  9.6,Sep 24
221,SWL LIMITED,Currie,  118.2,  4.5,Sep 24
222,THISTLE SEAFOODS LIMITED,Peterhead,  161.4,  3.7,Dec 24
223,DUNCAN FARMS LIMITED,Turriff,  39.7,  29.1,Mar 25
224,MCTAGGART CONSTRUCTION LIMITED,Dalry,  90.4,  5.2,Mar 25
225,DRIL-QUIP (EUROPE) LIMITED,Aberdeen,  75.5,  6.0,Dec 23
226,FAIRHURST GROUP LLP,Edinburgh,  50.9,  10.9,Mar 25
227,FIFE SCOTTISH OMNIBUSES LIMITED,Perth,  89.6,  5.0,Apr 24
228,3 ED HOLDINGS LIMITED,Edinburgh,  53.5,  9.1,Mar 25
229,HARPER MACLEOD LLP,Glasgow,  43.5,  16.1,Mar 25
230,SCOTTISH WOODLANDS LIMITED,Currie,  118.2,  4.1,Sep 24
231,MORRIS LESLIE HOLDINGS LIMITED,Perth,  76.3,  5.7,Apr 25
232,MACKENZIE CONSTRUCTION LIMITED,Glasgow,  61.7,  7.3,Mar 25
233,DIGITASLBI LIMITED,Edinburgh,  61.4,  7.3,Dec 24
234,LOMOND MOTORS LIMITED,Glasgow,  156.8,  3.5,Dec 24
235,PROSOURCE.IT (UK) LTD.,Aberdeen,  53.5,  8.3,Jun 25
236,PROSERV UK LIMITED,Aberdeen,  50.6,  9.1,Dec 23
237,FIRST TECH LIMITED,Aberdeen,  72.0,  5.4,Apr 25
238,THORNTONS LAW LLP,Dundee,  43.9,  12.4,May 24
239,OH POLLY LTD,Glasgow,  73.0,  5.3,Apr 24
240,MV COMMERCIAL LIMITED,Airdrie,  68.6,  5.7,Jun 25
241,GLOBAL ENERGY (GROUP) LIMITED,Tain,  61.0,  6.2,Mar 25
242,CIRCET HOME LIMITED,Selkirk,  48.7,  8.3,Dec 24
243,OCEAN INSTALLER LIMITED,Aberdeen,  36.7,  20.7,Dec 24
244,TSQUARED GROUP LIMITED,Glasgow,  40.6,  13.7,Mar 25
245,SCOTTISH EVENT CAMPUS LIMITED,Glasgow,  54.4,  6.5,Mar 25
246,MAXI CALEDONIAN LIMITED,Irvine,  105.0,  3.6,Sep 24
247,WALTER DAVIDSON & SONS LIMITED,Blairgowrie,  72.2,  4.9,Jan 25
248,ONE-O-ONE CONVENIENCE STORES LIMITED,Glasgow,  73.8,  4.7,Mar 25
249,YASKAWA ELECTRIC UK LIMITED,Edinburgh,  62.7,  5.4,Feb 24
250,SIGNATURE FLIGHT SUPPORT UK REGIONS LIMITED,Edinburgh,  40.8,  12.0,Dec 24
251,ACTIVPAYROLL LTD.,Aberdeen,  57.4,  5.8,Mar 25
252,STRACHANS LIMITED,Peterhead,  76.3,  4.3,Dec 24
253,LACTALIS MCLELLAND LIMITED,Stranraer,  277.3,  2.3,Dec 24
254,MCPHERSON GROUP HOLDINGS LIMITED,Aberdeen,  53.3,  4.0,Jul 24
255,EAST COAST VINERS (HOLDINGS) LIMITED,Stonehaven,  71.2,  4.4,Jun 24
256,LEITHS (SCOTLAND) LIMITED,Aberdeen,  76.1,  4.1,Dec 24
257,MARITIME DEVELOPMENTS LIMITED,Aberdeen,  40.2,  9.8,Mar 25
258,M & D GREEN DISPENSING CHEMIST LIMITED,Glasgow,  69.7,  4.3,Mar 25
259,GLENNON BROTHERS (UK) LIMITED,Troon,  82.4,  3.6,Dec 24
260,ANGUS SOFT FRUITS LIMITED,Arbroath,  166.3,  2.5,Apr 25
261,DEVRO (SCOTLAND) LIMITED,Glasgow,  47.3,  6.5,Dec 24
262,THOMAS JOHNSTONE LIMITED,Renfrew,  84.4,  3.6,Dec 24
263,CAMPBELL'S PRIME MEAT HOLDING COMPANY LIMITED,Edinburgh,  69.3,  4.3,Dec 23
264,PROFESSIONAL BEAUTY SYSTEMS (HOLDINGS) LIMITED,Renfrew,  50.6,  5.8,Sep 24
265,JOHN G. RUSSELL (TRANSPORT) LIMITED,Glasgow,  96.0,  3.2,Mar 25
266,MATTHEW ALGIE & COMPANY LIMITED,Glasgow,  64.7,  4.3,Dec 24
267,AG RESTAURANTS LTD,Glasgow,  130.7,  2.5,Dec 24
268,I. & H. BROWN LIMITED,Perth,  84.5,  3.4,Aug 25
269,FISHERS SERVICES LIMITED,Cupar,  52.3,  5.3,Dec 24
270,INDIGO SUN RETAIL LTD.,Stirling,  37.3,  10.0,Sep 24
271,BARRHEAD TRAVEL SERVICE LIMITED,Glasgow,  89.9,  3.1,Dec 24
272,SEATEC UK LIMITED,Glasgow,  44.1,  6.5,Dec 24
273,CAMERON GROUP (PERTH) LIMITED,Perth,  92.3,  3.0,May 25
274,W M DONALD LIMITED,Stonehaven,  75.2,  3.5,Mar 25
275,D. MCGHEE & SONS LIMITED,Glasgow,  53.7,  5.0,Aug 24
276,ANDERSON STRATHERN LLP,Edinburgh,  21.2,  5.6,Mar 25
277,CARRIER RENTAL SYSTEMS (UK) LIMITED,Livingston,  51.8,  5.0,Dec 23
278,CRUDEN HOMES HOLDINGS LIMITED,Edinburgh,  60.5,  4.3,Mar 25
279,BANCON DEVELOPMENTS HOLDINGS LIMITED,Banchory,  110.7,  2.6,Mar 25
280,TULLOCH HOMES LTD.,Elgin,  48.7,  5.2,May 25
281,THE BENRIACH DISTILLERY COMPANY LIMITED,Edinburgh,  35.5,  9.8,Apr 25
282,HIGHLAND PRODUCTS LIMITED,Edinburgh,  60.3,  4.2,Dec 24
283,ODFJELL TECHNOLOGY (UK) LTD.,Aberdeen,  76.7,  3.3,Dec 24
284,TULLIBARDINE LIMITED,Edinburgh,  38.0,  8.0,Dec 24
285,UNION TECHNICAL SERVICES LTD,Glasgow,  38.9,  7.3,Dec 24
286,TOPEK SOUTHERN LIMITED,Glasgow,  37.0,  8.3,Mar 25
287,CLEAR BUSINESS WATER LIMITED,Glasgow,  81.8,  3.0,Apr 24
288,STATS (UK) LTD.,Aberdeen,  74.7,  3.2,Dec 23
289,KEPAK GROUP LIMITED,Aberdeen,  648.4,  1.5,Dec 24
290,INVER HOUSE DISTILLERS LIMITED,Airdrie,  88.4,  2.8,Sep 24
291,ABBOTT RISK CONSULTING LIMITED,Edinburgh,  47.7,  4.8,Dec 24
292,ENTIER LIMITED,Westhill,  82.6,  2.8,Sep 24
293,VEGWARE LIMITED,Edinburgh,  48.5,  4.7,Dec 24
294,STEDER GROUP (UK) LIMITED,Glasgow,  42.1,  5.7,Dec 24
295,GLASGOW WHISKY LIMITED,Glasgow,  34.7,  8.4,Dec 24
296,ABERDEEN & NORTHERN EGGS LIMITED,Fraserburgh,  44.7,  5.0,May 24
297,SALTIRE ENERGY LIMITED,Aberdeen,  29.8,  12.4,Jun 24
298,SPECIALIST WASTE RECYCLING LIMITED,Glasgow,  42.3,  5.3,Mar 25
299,CLARK CONTRACTS LIMITED,Paisley,  106.5,  2.3,Oct 24
300,CHISHOLM HUNTER HOLDINGS LIMITED,Glasgow,  61.6,  3.4,Mar 25
301,J & D PIERCE (CONTRACTS) LTD.,Beith,  98.4,  2.3,Dec 24
302,KDM ENTERPRISES LIMITED,Dunfermline,  51.4,  3.9,Dec 24
303,INTERFLEX SCOTLAND LIMITED,Dalkeith,  57.9,  3.4,Mar 25
304,NAIRN'S OATCAKES LTD.,Edinburgh,  47.5,  4.2,May 24
305,CRUDEN INVESTMENTS LIMITED,Edinburgh,  90.2,  2.3,Mar 25
306,D. GEDDES (FARMS) LIMITED,Arbroath,  34.7,  6.8,Dec 24
307,TUV SUD LIMITED,Glasgow,  74.2,  2.6,Dec 24
308,RECORD U.K. LIMITED,Glasgow,  50.5,  3.6,Dec 24
309,CSM SUSTAINABLE ENERGY (HOLDINGS) LTD,Aberdeen,  25.8,  17.6,Nov 24
310,DRON & DICKSON GROUP LIMITED,Stirling,  62.7,  2.9,May 25
311,DAVIDSON BROTHERS (SHOTTS) LIMITED,Shotts,  56.7,  3.1,Jul 25
312,SANTANDER ASSET MANAGEMENT UK LIMITED,Glasgow,  30.0,  8.4,Dec 24
313,WINDYMAINS TIMBER LIMITED,Humbie,  39.7,  4.9,Dec 24
314,DIONA CONSTRUCTION LTD.,Glasgow,  28.1,  10.7,Mar 24
315,SIMON HOWIE BUTCHERS LIMITED,Perth,  37.4,  6.9,Jan 25
316,GLEANER LIMITED,Elgin,  131.5,  1.8,Jun 24
317,MACTAGGART SCOTT (HOLDINGS) LIMITED,Loanhead,  55.3,  3.1,Apr 24
318,CITY PROPERTY GLASGOW (INVESTMENTS) LLP,Glasgow,  27.0,  13.1,Mar 25
319,TAYLORS INDUSTRIAL SERVICES LIMITED,Aberdeen,  28.9,  9.0,Oct 24
320,MOTIVE RENTALS LTD.,Banff,  29.7,  8.3,Dec 24
321,S.M. BAYNE & COMPANY LIMITED,Lochgelly,  51.3,  3.4,Mar 25
322,ROBERTSON METALS RECYCLING LIMITED,Inverkeithing,  42.7,  4.2,Jan 25
323,KILTANE LIMITED,Glasgow,  13.9,  4.7,Dec 24
324,TERASAKI ELECTRIC (EUROPE) LIMITED,Clydebank,  37.6,  4.9,Mar 25
325,GUITAR GUITAR LIMITED,Paisley,  46.2,  3.5,May 24
326,SKYRORA VENTURES LIMITED,Glasgow,  36.1,  5.2,Dec 24
327,LINDSAYS LLP,Edinburgh,  27.5,  9.4,Mar 25
328,SIX BY NICO (HOLDINGS) LIMITED,Glasgow,  36.2,  5.0,Jun 24
329,MURGITROYD & COMPANY LIMITED,Glasgow,  91.3,  2.0,May 25
330,ALPHA DATA PARALLEL SYSTEMS (HOLDINGS) LIMITED,Edinburgh,  26.9,  10.0,Nov 24
331,FES HOLDINGS LIMITED,Stirling,  145.7,  1.6,Aug 25
332,SEAFOOD ECOSSE LIMITED,Aberdeen,  48.2,  3.2,Dec 24
333,COMMSWORLD LIMITED,Newbridge,  36.9,  4.7,Dec 24
334,CURIA (SCOTLAND) LIMITED,Glasgow,  25.6,  11.6,Dec 24
335,COMPASS BUILDING AND CONSTRUCTION SERVICES LTD,Inverness,  46.1,  3.3,Sep 24
336,PEOPLES LIMITED,Falkirk,  277.6,  1.3,Jul 25
337,STEWARTS PRODUCE LIMITED,Perth,  41.4,  3.8,May 24
338,GRANGE QUARRY LIMITED,Lockerbie,  30.0,  6.1,Mar 25
339,CITY GATE CONSTRUCTION (SCOTLAND) LIMITED,Paisley,  44.8,  3.3,Apr 24
340,THE HOUSE OF BRUAR LIMITED,Pitlochry,  44.8,  3.3,Jan 24
341,EMERGENCY ONE GROUP LIMITED,Cumnock,  61.4,  2.3,Dec 24
342,THE CRESS COMPANY (SCOTLAND) LIMITED,Dunfermline,  53.6,  2.6,Dec 24
343,ENVIROCLEAN (SCOTLAND) LIMITED,Glasgow,  37.0,  4.3,Dec 24
344,MOTEL ONE (SCOTLAND) LIMITED,Edinburgh,  28.5,  6.4,Dec 24
345,SPEYMALT WHISKY DISTRIBUTORS LIMITED,Elgin,  28.2,  6.8,Feb 25
346,NWH GROUP LIMITED,Dalkeith,  55.6,  2.5,Sep 24
347,DRUM DEVELOPMENT GROUP LIMITED,Aberdeen,  26.8,  8.3,Dec 24
348,RAD LIMITED,Cumnock,  38.0,  4.0,Jun 24
349,OEG OFFSHORE UK LIMITED,Inverurie,  29.1,  6.0,Dec 24
350,PLACES FOR PEOPLE SCOTLAND LIMITED,Edinburgh,  41.0,  3.5,Mar 25
351,STARFISH 9 LTD,Motherwell,  26.4,  8.1,Mar 25
352,NORTHCARE (SCOTLAND) LTD.,Glasgow,  35.4,  4.3,Nov 24
353,ANDRON CONTRACT SERVICES LIMITED,Aberdeen,  69.4,  2.1,Nov 24
354,ROBERT CULLEN LIMITED,Glasgow,  28.7,  6.0,Dec 24
355,GREENPOWER (CARRAIG GHEAL) LIMITED,Alloa,  24.0,  9.7,Dec 24
356,CRAIG GROUP LIMITED,Aberdeen,  197.3,  1.3,Apr 24
357,STAR REFRIGERATION LIMITED,Glasgow,  75.1,  1.9,Dec 24
358,ZENITH (EDINBURGH) HOLDINGS LIMITED,Loanhead,  34.0,  4.5,Sep 24
359,POINTER LIMITED,Glasgow,  25.7,  7.8,Jun 25
360,FIRST MORTGAGE DIRECT LIMITED,Edinburgh,  27.4,  6.4,Dec 24
361,ADVANCE GLOBAL RECRUITMENT LTD,Edinburgh,  48.1,  2.6,Dec 23
362,G & A BARNIE GROUP LIMITED,Inverness,  46.9,  2.7,Apr 24
363,MGM TIMBER (SCOTLAND) LIMITED,Glenrothes,  71.8,  1.9,Sep 24
364,PEOPLES ECOSSE LIMITED,Falkirk,  107.5,  1.5,Jul 25
365,RUSSELL HOLDINGS (SCOTLAND) LTD,Glasgow,  29.3,  5.1,Dec 24
366,GAC SERVICES (UK) LTD,Grangemouth,  45.3,  2.6,Dec 24
367,DIRECTIONAL DRILLING CONSULTANTS LIMITED,Edinburgh,  34.4,  5.7,Dec 24
368,TRANSCAL HOLDINGS LIMITED,Livingston,  27.8,  5.6,Mar 25
369,EVCS HOLDINGS LIMITED,Glasgow,  43.4,  4.8,Dec 24
370,GRANDHOLM PRODUCTION SERVICES LIMITED,Glasgow,  60.6,  2.0,Dec 24
371,MUNRO HEALTHCARE GROUP LIMITED,Glasgow,  78.6,  1.6,Mar 25
372,DALES MARINE SERVICES LIMITED,Aberdeen,  32.5,  4.2,Dec 24
373,ENVEVO LIMITED,Bellshill,  39.0,  3.0,Dec 24
374,M & H CARRIERS (ABERDEEN) LIMITED,Aberdeen,  38.3,  3.1,Mar 25
375,BANNERMAN COMPANY LIMITED,Tain,  34.9,  3.6,Jan 25
376,NORSCOT TRUCK AND VAN LIMITED,Aberdeen,  42.9,  2.6,Dec 24
377,THREE60 EPCC LIMITED,Aberdeen,  48.3,  2.3,Dec 24
378,ORIGO SERVICES LIMITED,Edinburgh,  20.8,  11.9,Dec 24
379,JACOBS & TURNER LIMITED,Glasgow,  127.3,  1.3,Jun 24
380,A K P SCOTLAND LIMITED,Glasgow,  35.6,  3.3,Mar 25
381,JOHN G. MACKINTOSH LIMITED,Loanhead,  41.0,  2.7,Mar 25
382,SMITH ANDERSON GROUP LIMITED,Kirkcaldy,  42.2,  2.5,Sep 24
383,ABBEY (UK) TRAVEL LIMITED,Edinburgh,  36.1,  3.1,Dec 24
384,CLYDE & CO (SCOTLAND) LLP,Edinburgh,  21.2,  8.7,Apr 24
385,T D C (ABERDEEN) LIMITED,Aberdeen,  37.7,  2.7,Sep 24
386,WHITELINK SEAFOODS LIMITED,Fraserburgh,  70.6,  1.5,Dec 24
387,GLASGOW PRIVATE HIRE LIMITED,Glasgow,  19.4,  12.2,Nov 24
388,AXIS-SHIELD DIAGNOSTICS LIMITED,Dundee,  28.5,  4.1,Dec 24
389,DAVID SMITH CONTRACTORS LTD.,Fraserburgh,  23.0,  6.2,Apr 24
390,WM HAMILTON & SONS LIMITED,Larkhall,  21.7,  7.4,Mar 25
391,SPEYSIDE COOPERAGE LIMITED,Aberlour,  45.2,  2.1,Apr 25
392,SALTIRE FACILITIES MANAGEMENT LIMITED,Bellshill,  31.4,  3.4,Mar 25
393,"TOMATIN DISTILLERY COMPANY LIMITED,(THE)",Inverness,  23.7,  5.7,Dec 24
394,INGRAM MOTORING GROUP LIMITED,Kilmarnock,  52.0,  1.8,Dec 24
395,BEER52 LIMITED,Edinburgh,  33.8,  3.0,Jun 24
396,MCINROY & WOOD LIMITED,Haddington,  20.0,  9.3,Apr 25
397,FIFE CREAMERY LIMITED,Kirkcaldy,  46.5,  2.0,Sep 25
398,UNITED AUCTIONS GROUP LIMITED,Stirling,  27.5,  4.2,Dec 24
399,CALEDONIAN PLYWOOD COMPANY LTD.,Glasgow,  56.2,  1.6,May 25
400,INOAPPS LIMITED,Aberdeen,  48.5,  1.9,Jul 24
401,ABBOTSFORD CARE (GLENROTHES) LIMITED,Kirkcaldy,  18.4,  12.3,Mar 25
402,MISSILES & SPACE BATTERIES LIMITED,Coatbridge,  23.1,  5.6,Dec 24
403,RENAISSANCE CARE (SCOTLAND) LIMITED,Musselburgh,  45.8,  2.0,Nov 24
404,GLEN MORAY DISTILLERY LIMITED,Bathgate,  26.3,  4.4,Dec 24
405,BEEKS FINANCIAL CLOUD LIMITED,Renfrew,  35.9,  2.6,Jun 25
406,BTO SOLICITORS LLP,Glasgow,  21.2,  7.1,Mar 25
407,C.J. LANG & SON LIMITED,Dundee,  254.5,  0.8,Apr 25
408,"CHARLES TENNANT & COMPANY, LIMITED",Glasgow,  32.8,  3.0,Dec 24
409,HYDRO GROUP LIMITED,Aberdeen,  22.3,  5.8,Dec 24
410,GRAMPIAN CONTINENTAL LIMITED,Aberdeen,  34.0,  2.7,Mar 25
411,D J ALEXANDER LETTINGS LIMITED,Edinburgh,  20.1,  7.8,Dec 24
412,BEATSONS BUILDING SUPPLIES LIMITED,Alloa,  36.9,  2.5,Dec 24
413,BAILLIE WINDFARM LIMITED,Glasgow,  18.4,  11.0,Dec 24
414,MOKATE UK LTD,Edinburgh,  37.7,  2.3,Dec 24
415,TSG UK SOLUTIONS LTD,Edinburgh,  44.5,  1.9,Apr 24
416,DICKIE & MOORE CONSTRUCTION LIMITED,Glasgow,  33.4,  2.8,Mar 25
417,AFG MEDIA LTD,Edinburgh,  40.5,  2.1,Nov 24
418,MACDUFF SHIPYARDS LIMITED,Macduff,  28.1,  3.5,Feb 25
419,VALNEVA SCOTLAND LIMITED,Edinburgh,  49.8,  1.7,Dec 24
420,PARS GROUP LTD.,Dunfermline,  20.5,  7.0,Jun 24
421,HUB SOUTH WEST SCOTLAND LIMITED,Glasgow,  106.5,  1.1,Dec 24
422,THE TPS HEALTHCARE GROUP LIMITED,Glasgow,  72.4,  1.3,Mar 25
423,PACKAGING WITH ROBOTS LTD,Bellshill,  25.9,  4.1,Dec 24
424,MPACT GROUP LTD,Loanhead,  26.9,  3.9,Mar 25
425,SIMPSON OILS LIMITED,Wick,  77.0,  1.3,Oct 24
426,INVERLUSSA SHELLFISH COMPANY LIMITED,Isle Of Mull,  22.7,  5.0,Mar 25
427,FAILTE GROUP LIMITED,Glasgow,  30.2,  2.9,Jan 25
428,VERIPOS LIMITED,Aberdeen,  20.8,  6.1,Dec 24
429,THE GLENALLACHIE DISTILLERS CO LIMITED,Aberlour,  20.0,  6.9,Dec 24
430,VEITCHI (HOLDINGS) LIMITED,Glasgow,  37.4,  2.2,Nov 24
431,"J.C. PEACOCK & CO., LIMITED",Ayr,  37.7,  2.1,Apr 25
432,FOODSERVICE EQUIPMENT MARKETING LIMITED,Glasgow,  22.4,  4.7,Dec 24
433,CAKE DECOR LTD,Glasgow,  20.5,  2.4,Dec 24
434,WASTEPACK LIMITED,Edinburgh,  21.5,  5.0,Dec 24
435,GILLESPIE MACANDREW LLP,Edinburgh,  19.6,  6.3,Feb 25
436,W.P.BRUCE LIMITED,Blairgowrie,  19.8,  6.1,Jun 24
437,MCCURRACH UK LTD.,,  37.7,  2.0,Jun 24
438,BARONY INTERNATIONAL LIMITED,Irvine,  41.1,  1.8,Dec 24
439,SPARK OF GENIUS (TRAINING) LTD.,Paisley,  18.9,  7.1,Sep 24
440,ROLLSTUD LIMITED,Aberdeen,  28.4,  2.9,May 24
441,LOMOND FINE FOODS LIMITED,Glasgow,  41.7,  1.7,Dec 24
442,FARID HILLEND ENGINEERING LIMITED,Dunfermline,  35.8,  2.1,Dec 24
443,SIGNATORY VINTAGE SCOTCH WHISKY COMPANY LIMITED,Pitlochry,  16.5,  11.6,Mar 25
444,BRIGGS COMMERCIAL LIMITED,Burntisland,  75.5,  1.1,Mar 25
445,KILMAC LTD,Dundee,  29.9,  2.5,Sep 24
446,HENRYS (GLASGOW) LIMITED,Glasgow,  62.2,  1.2,Dec 24
447,PROCAST BUILDING CONTRACTORS LTD.,Hamilton,  54.0,  1.3,Mar 25
448,STRATHBERRY GROUP LIMITED,Edinburgh,  26.9,  3.0,Apr 24
449,BILLY BOWIE SPECIAL PROJECTS LIMITED,Kilmarnock,  19.6,  5.6,May 24
450,FREEAGENT CENTRAL LTD,Edinburgh,  29.0,  2.5,Dec 24
451,CALL-IN HOMECARE LIMITED,Edinburgh,  27.2,  2.9,Dec 24
452,WOODBRIDGE TIMBER LIMITED,Livingston,  42.1,  1.6,Mar 25
453,AVONDALE CARE (SCOTLAND) LIMITED,Falkirk,  21.3,  4.5,Apr 25
454,HUNTER LAING HOLDINGS LIMITED,Glasgow,  18.1,  6.3,Apr 24
455,BLACKADDERS LLP,Dundee,  18.2,  6.2,Mar 25
456,PATERSONS QUARRIES LIMITED,Coatbridge,  73.6,  1.1,Nov 24
457,NATIONALTRUST FOR SCOTLAND ENTERPRISES LTD.,Edinburgh,  21.8,  4.1,Feb 25
458,LINEAR UK GROUP LIMITED,Motherwell,  62.9,  1.1,Sep 24
459,DALKEITH RETAIL CENTRE LIMITED,Dalkeith,  91.7,  0.9,Dec 24
460,ENERQUIP HOLDINGS LIMITED,Aberdeen,  21.8,  3.9,Dec 24
461,GRAHAMS THE FAMILY DAIRY GROUP LIMITED,Stirling,  154.9,  0.7,Mar 25
462,EARLS GATE UTILITIES LIMITED,Grangemouth,  21.8,  7.9,Dec 24
463,C R ENCAPSULATION LIMITED,Aberdeen,  11.8,  4.3,Dec 24
464,HAMILTON ROSS HOLDINGS LIMITED,Lanark,  57.9,  1.2,Feb 25
465,MB AIR SYSTEMS LIMITED,Wishaw,  25.6,  2.8,Dec 24
466,KNIGHT PROPERTY GROUP PLC,Aberdeen,  50.0,  1.3,Dec 24
467,DOLBY MEDICAL HOME RESPIRATORY CARE LIMITED,Stirling,  35.4,  1.8,Dec 24
468,R.M. EASDALE & COMPANY LIMITED,Glasgow,  76.6,  0.9,Dec 24
469,THOMAS TUNNOCK LIMITED,Glasgow,  87.7,  0.8,Feb 25
470,ETB TECHNOLOGIES LIMITED,Dalbeattie,  18.8,  5.0,Dec 24
471,MULHOLLAND CONTRACTS LIMITED,West Calder,  41.2,  1.5,Jul 24
472,FARMER AUTOCARE LIMITED,Edinburgh,  22.0,  3.5,Jul 25
473,WATSON-TOWERS (HOLDINGS) LIMITED,Coatbridge,  24.0,  2.9,Mar 25
474,SIGN LANGUAGE INTERACTIONS LIMITED,Glasgow,  19.2,  4.7,Dec 24
475,IQA OPERATIONS GROUP LIMITED,Edinburgh,  34.6,  1.8,Dec 24
476,IMET ALLOYS GROUP LIMITED,Livingston,  54.6,  1.1,Dec 24
477,PG PAPER COMPANY LTD.,Kilmacolm,  64.6,  1.0,Mar 25
478,KILTEARN PARTNERS LLP,Edinburgh,  14.1,  14.1,Mar 25
479,VENESKY-BROWN RECRUITMENT LTD.,Edinburgh,  95.4,  0.7,Sep 24
480,TUBE DEVELOPMENTS LIMITED,Glasgow,  25.0,  2.6,Sep 24
481,ALLIANCE WINE GROUP LIMITED,Beith,  44.0,  1.3,May 24
482,ALGO (BLAIRGOWRIE) LIMITED,Perth,  36.2,  1.6,Jun 25
483,SOUTHEAST TRADERS LIMITED,Glasgow,  48.6,  1.2,Oct 24
484,SCOTTISH LEATHER GROUP LIMITED,Bridge Of Weir,  99.5,  0.7,Mar 25
485,SYMBIOSIS PHARMACEUTICAL SERVICES LIMITED,Stirling,  19.3,  4.2,Dec 24
486,PARKLANDS LIMITED,Grantown-On-Spey,  27.4,  2.2,Dec 24
487,HFD GROUP HOLDINGS LIMITED,Glasgow,  40.1,  1.4,Jun 24
488,CKD GALBRAITH LLP,Edinburgh,  17.8,  4.9,Mar 25
489,GIBB GROUP LTD,Aberdeen,  25.6,  2.4,Dec 24
490,F.H. BERTLING LOGISTICS ABERDEEN LIMITED,Aberdeen,  46.0,  1.2,Dec 24
491,REALM CONSTRUCTION LIMITED,Lochgelly,  22.8,  2.8,Aug 24
492,CITY FACILITIES MANAGEMENT HOLDINGS LIMITED,Glasgow,"  1,240.1",  0.3,Dec 24
493,QUALITY FOOD PRODUCTS (ABERDEEN) LIMITED,Aberdeen,  34.6,  1.6,Aug 24
494,ORD INDUSTRIAL & COMMERCIAL SUPPLIES LIMITED,Muir Of Ord,  17.6,  4.8,Mar 25
495,DALTON METAL RECYCLING LIMITED,Broxburn,  40.1,  1.3,Aug 24
496,"CANON MEDICAL RESEARCH EUROPE, LIMITED",Edinburgh,  17.8,  4.6,Dec 24
497,J K R CONTRACTORS LTD.,Ellon,  33.0,  1.6,Mar 25
498,WELDEX (INTERNATIONAL) OFFSHORE LIMITED,Inverness,  23.6,  2.5,Nov 24
499,CONSARC ENGINEERING LIMITED,Motherwell,  19.0,  4.0,Dec 24
500,MCGEADY HOLDINGS LIMITED,Edinburgh,  21.4,  3.0,Mar 25